{"cameraMode":{"drawMode":0,"name":"Shaded","section":"Shading Mode"},"sceneLighting":false,"audioPlay":false,"sceneViewState":{"m_AlwaysRefresh":false,"showFog":true,"showSkybox":false,"showFlares":true,"showImageEffects":true,"showParticleSystems":true,"showVisualEffectGraphs":true,"m_FxEnabled":true},"in2DMode":false,"pivot":{"x":0.09389612078666687,"y":1.064499855041504,"z":-5.352287769317627},"rotation":{"x":-0.00007681839633733034,"y":-0.9991552829742432,"z":0.04148881882429123,"w":-0.001701751141808927},"size":3.869422197341919,"orthographic":false}