{"cameraMode":{"drawMode":0,"name":"Shaded","section":"Shading Mode"},"sceneLighting":true,"audioPlay":false,"sceneViewState":{"m_AlwaysRefresh":false,"showFog":true,"showSkybox":true,"showFlares":true,"showImageEffects":true,"showParticleSystems":true,"showVisualEffectGraphs":true,"m_FxEnabled":true},"in2DMode":false,"pivot":{"x":0.992850661277771,"y":2.439970016479492,"z":-2.7139339447021486},"rotation":{"x":0.15237511694431306,"y":0.01927110180258751,"z":-0.0029716521967202427,"w":0.9881314039230347},"size":11.308830261230469,"orthographic":true}